rank,arxiv_id,published,relevance_score,title,authors,primary_category,score_reasons,matched_queries,abs_url,pdf_url
1,2605.23950,2026-05-07T15:24:59Z,30,Stop Comparing LLM Agents Without Disclosing the Harness,Yunbei Zhang; Janet Wang; Yingqiang Ge; Weijie Xu; Jihun Hamm; Chandan K. Reddy,cs.AI,attribution/statistics; evaluation; explicit harness/scaffold; harness component; trajectory,"all:""variance decomposition"" AND all:agent",https://arxiv.org/abs/2605.23950,https://arxiv.org/pdf/2605.23950
2,2606.08275,2026-06-06T17:44:23Z,27,Causal Agent Replay: Counterfactual Attribution for LLM-Agent Failures,Jaineet Shah,cs.LG,attribution/statistics; cost/budget; evaluation; harness component; reliability; trajectory,"all:causal AND all:""LLM agent"" AND all:evaluation",https://arxiv.org/abs/2606.08275,https://arxiv.org/pdf/2606.08275
3,2605.17641,2026-05-17T20:21:55Z,26,Causal Intervention-Based Memory Selection for Long-Horizon LLM Agents,Saksham Sahai Srivastava,cs.AI,attribution/statistics; evaluation; harness component; reliability; trajectory,"all:causal AND all:""LLM agent"" AND all:evaluation",https://arxiv.org/abs/2605.17641,https://arxiv.org/pdf/2605.17641
4,2602.22953,2026-02-26T12:48:02Z,26,General Agent Evaluation,Elron Bandel; Asaf Yehudai; Lilach Eden; Yehoshua Sagron; Yotam Perlitz; Elad Venezian; Natalia Razinkov; Natan Ergas; Shlomit Shachor Ifergan; Segev Shlomov; Michal Jacovi; Leshem Choshen; Liat Ein-Dor; Yoav Katz; Michal Shmueli-Scheuer,cs.AI,attribution/statistics; evaluation; explicit harness/scaffold; harness component; reliability,all:factorial AND all:agent AND all:evaluation,https://arxiv.org/abs/2602.22953,https://arxiv.org/pdf/2602.22953
5,2606.16364,2026-06-15T07:58:56Z,25,Looking Is Not Picking: An Attention-Segment Account of Tool-Selection Failures in LLM Agents,Shiyang Chen,cs.AI,attribution/statistics; explicit harness/scaffold; harness component; reliability; trajectory; transfer/overfit,"all:causal AND all:""LLM agent"" AND all:evaluation",https://arxiv.org/abs/2606.16364,https://arxiv.org/pdf/2606.16364
6,2605.06066,2026-05-07T11:53:56Z,24,Causal Reinforcement Learning for Complex Card Games: A Magic The Gathering Benchmark,Cristiano da Costa Cunha; Ajmal Mian; Tim French; Wei Liu,cs.LG,attribution/statistics; evaluation; transfer/overfit,"all:causal AND all:""LLM agent"" AND all:evaluation",https://arxiv.org/abs/2605.06066,https://arxiv.org/pdf/2605.06066
7,2604.01235,2026-03-26T18:50:46Z,24,Runtime Burden Allocation for Structured LLM Routing in Agentic Expert Systems: A Full-Factorial Cross-Backend Methodology,Zhou Hanlin; Chan Huah Yong,cs.AI,attribution/statistics; cost/budget; evaluation; transfer/overfit,all:factorial AND all:agent AND all:evaluation,https://arxiv.org/abs/2604.01235,https://arxiv.org/pdf/2604.01235
8,2602.22724,2026-02-26T07:59:10Z,24,AgentSentry: Mitigating Indirect Prompt Injection in LLM Agents via Temporal Causal Diagnostics and Context Purification,Tian Zhang; Yiwei Xu; Juan Wang; Keyan Guo; Xiaoyang Xu; Bowen Xiao; Quanlong Guan; Jinlin Fan; Jiawei Liu; Zhiquan Liu; Hongxin Hu,cs.CR,attribution/statistics; evaluation; harness component; trajectory,"all:causal AND all:""LLM agent"" AND all:evaluation",https://arxiv.org/abs/2602.22724,https://arxiv.org/pdf/2602.22724
9,2606.27154,2026-06-25T15:24:23Z,23,OpenRCA 2.0: From Outcome Labels to Causal Process Supervision,Aoyang Fang; Yifan Yang; Jin'ao Shang; Qisheng Lu; Junjielung Xu; Rui Wang; Songhan Zhang; Yuzhong Zhang; Boxi Yu; Pinjia He,cs.AI,attribution/statistics; evaluation; harness component; reliability,"all:causal AND all:""LLM agent"" AND all:evaluation",https://arxiv.org/abs/2606.27154,https://arxiv.org/pdf/2606.27154
10,2606.15508,2026-06-13T23:27:51Z,23,ToolMenuBench: Benchmarking Tool-Menu Filtering Strategies for Reliable and Efficient LLM Agents,Rahul Suresh Babu; Laxmipriya Ganesh Iyer,cs.AI,attribution/statistics; cost/budget; evaluation; harness component; reliability,"all:causal AND all:""LLM agent"" AND all:evaluation",https://arxiv.org/abs/2606.15508,https://arxiv.org/pdf/2606.15508
11,2606.10322,2026-06-09T02:18:44Z,23,Game-Theoretic Multi-Agent Control for Robust Contextual Reasoning in LLMs,Saeid Jamshidi; Amin Nikanjam; Arghavan Moradi Dakhel; Kawser Wazed Nafi; Foutse Khomh,cs.CR,attribution/statistics; cost/budget; evaluation; harness component; reliability; trajectory,"all:causal AND all:""LLM agent"" AND all:evaluation",https://arxiv.org/abs/2606.10322,https://arxiv.org/pdf/2606.10322
12,2605.15230,2026-05-13T18:03:51Z,23,EnergyAgentBench: Benchmarking LLM Agents on Live Energy Infrastructure Data,Eliseo Curcio,econ.EM,attribution/statistics; cost/budget; evaluation; harness component; reliability; trajectory,"all:causal AND all:""LLM agent"" AND all:evaluation",https://arxiv.org/abs/2605.15230,https://arxiv.org/pdf/2605.15230
13,2603.06859,2026-03-06T20:25:11Z,23,Exact Is Easier: Credit Assignment for Cooperative LLM Agents,Yanjun Chen; Yirong Sun; Hanlin Wang; Jinghan Wang; Xinming Zhang; Xiaoyu Shen; Wenjie Li; Wei Zhang,cs.LG,attribution/statistics; cost/budget; evaluation; harness component; reliability; trajectory,"all:causal AND all:""LLM agent"" AND all:evaluation",https://arxiv.org/abs/2603.06859,https://arxiv.org/pdf/2603.06859
14,2606.29193,2026-06-28T04:38:05Z,22,A Multi-Dataset Benchmark for Evaluating LLM Agents in Microservice Failure Diagnosis,Yuanhong Cai; Xiaohui Nie; Kanglin Yin; Changhua Pei; Yongqian Sun; Shenglin Zhang; Haibin Liu; Guiyang Liu; Xidao Wen; Fang Situ; Dan Pei,cs.SE,attribution/statistics; evaluation; reliability,"all:causal AND all:""LLM agent"" AND all:evaluation",https://arxiv.org/abs/2606.29193,https://arxiv.org/pdf/2606.29193
15,2606.05558,2026-06-04T01:13:24Z,22,Autoregressive Diffusion World Models for Off-Policy Evaluation of LLM Agents,Kaixuan Liu; Guojun Xiong; Weinan Zhang; Shengpu Tang,cs.LG,attribution/statistics; evaluation; reliability; trajectory,"all:causal AND all:""LLM agent"" AND all:evaluation",https://arxiv.org/abs/2606.05558,https://arxiv.org/pdf/2606.05558
16,2603.29755,2026-03-31T13:54:34Z,22,CausalPulse: An Industrial-Grade Neurosymbolic Multi-Agent Copilot for Causal Diagnostics in Smart Manufacturing,Chathurangi Shyalika; Utkarshani Jaimini; Cory Henson; Amit Sheth,cs.AI,attribution/statistics; cost/budget; harness component; reliability,all:factorial AND all:agent AND all:evaluation,https://arxiv.org/abs/2603.29755,https://arxiv.org/pdf/2603.29755
17,2603.20320,2026-03-19T23:34:46Z,22,The Causal Impact of Tool Affordance on Safety Alignment in LLM Agents,Shasha Yu; Fiona Carroll; Barry L. Bentley,cs.SE,attribution/statistics; evaluation; harness component,"all:causal AND all:""LLM agent"" AND all:evaluation",https://arxiv.org/abs/2603.20320,https://arxiv.org/pdf/2603.20320
18,2601.02314,2026-01-05T18:05:29Z,22,Project Ariadne: A Structural Causal Framework for Auditing Faithfulness in LLM Agents,Sourena Khanzadeh,cs.AI,attribution/statistics; evaluation; reliability,"all:causal AND all:""LLM agent"" AND all:evaluation",https://arxiv.org/abs/2601.02314,https://arxiv.org/pdf/2601.02314
19,2511.10687,2025-11-11T22:21:08Z,22,Who Gets the Reward & Who Gets the Blame? Evaluation-Aligned Training Signals for Multi-LLM Agents,Chih-Hsuan; Yang; Tanwi Mallick; Le Chen; Krishnan Raghavan; Amal Gueroudji; Ian T. Foster; Rajeev Thakur,cs.MA,attribution/statistics; evaluation; reliability; system-level,"all:""system-level evaluation"" AND all:agent",https://arxiv.org/abs/2511.10687,https://arxiv.org/pdf/2511.10687
20,2606.17541,2026-06-16T05:42:19Z,21,Offline Preference-Based Trajectory Evaluation,Fernando Diaz,cs.LG,cost/budget; evaluation; reliability; trajectory,"all:""ranking stability"" AND all:agent",https://arxiv.org/abs/2606.17541,https://arxiv.org/pdf/2606.17541
21,2605.23723,2026-05-22T15:03:13Z,21,MemAudit: Post-hoc Auditing of Poisoned Agent Memory via Causal Attribution and Structural Anomaly Detection,Zhewen Tan; Yilun Yao; Huiyan Jin; Wenhan Yu; Guoan Wang; Mengyuan Fan; liang lu; Feng Liu; Xiangzheng Zhang; Duohe Ma; Tong Yang; Lin Sun,cs.AI,attribution/statistics; harness component; trajectory,"all:causal AND all:""LLM agent"" AND all:evaluation",https://arxiv.org/abs/2605.23723,https://arxiv.org/pdf/2605.23723
22,2606.11213,2026-05-01T18:39:02Z,21,Beyond Compaction: Structured Context Eviction for Long-Horizon Agents,Andrew Semenov; Svyatoslav Dorofeev,cs.CL,attribution/statistics; cost/budget; harness component; trajectory,"all:causal AND all:""LLM agent"" AND all:evaluation",https://arxiv.org/abs/2606.11213,https://arxiv.org/pdf/2606.11213
23,2604.23374,2026-04-25T16:39:16Z,21,Ghost in the Agent: Redefining Information Flow Tracking for LLM Agents,Yuandao Cai; Wensheng Tang; Cheng Wen; Shengchao Qin,cs.CR,attribution/statistics; cost/budget; evaluation; harness component; transfer/overfit,"all:causal AND all:""LLM agent"" AND all:evaluation",https://arxiv.org/abs/2604.23374,https://arxiv.org/pdf/2604.23374
24,2604.13630,2026-04-15T08:59:00Z,21,SafeHarness: Lifecycle-Integrated Security Architecture for LLM-based Agent Deployment,Xixun Lin; Yang Liu; Yancheng Chen; Yongxuan Wu; Yucheng Ning; Yilong Liu; Nan Sun; Shun Zhang; Bin Chong; Chuan Zhou; Yanan Cao,cs.CR,attribution/statistics; evaluation; explicit harness/scaffold; harness component,"all:causal AND all:""LLM agent"" AND all:evaluation",https://arxiv.org/abs/2604.13630,https://arxiv.org/pdf/2604.13630
25,2602.16062,2026-02-17T22:22:32Z,21,Harnessing Implicit Cooperation: A Multi-Agent Reinforcement Learning Approach Towards Decentralized Local Energy Markets,Nelson Salazar-Pena; Alejandra Tabares; Andres Gonzalez-Mancera,eess.SY,attribution/statistics; cost/budget; evaluation; harness component; reliability,all:factorial AND all:agent AND all:evaluation,https://arxiv.org/abs/2602.16062,https://arxiv.org/pdf/2602.16062
26,2606.13317,2026-06-11T13:12:10Z,20,SkillCAT: Contrastive Assessment and Topology-Aware Skill Self-Evolution for LLM Agents,Kunfeng Chen; Qihuang Zhong; Juhua Liu; Bo Du,cs.CL,attribution/statistics; reliability; trajectory; transfer/overfit,"all:causal AND all:""LLM agent"" AND all:evaluation",https://arxiv.org/abs/2606.13317,https://arxiv.org/pdf/2606.13317
27,2606.07904,2026-06-05T23:47:33Z,20,Contract2Tool: Learning Preconditions and Effects for Reliable Tool-Augmented LLM Agents,Rahul Suresh Babu; Laxmipriya Ganesh Iyer,cs.AI,attribution/statistics; cost/budget; harness component; reliability,"all:causal AND all:""LLM agent"" AND all:evaluation",https://arxiv.org/abs/2606.07904,https://arxiv.org/pdf/2606.07904
28,2603.03784,2026-03-04T06:50:32Z,20,Specification-Driven Generation and Evaluation of Discrete-Event World Models via the DEVS Formalism,Zheyu Chen; Huiteng Zhuang; Zhuohuan Li; Chuanhao Li,cs.AI,attribution/statistics; evaluation; harness component; reliability; trajectory,"all:causal AND all:""LLM agent"" AND all:evaluation",https://arxiv.org/abs/2603.03784,https://arxiv.org/pdf/2603.03784
29,2509.06269,2025-09-08T01:17:46Z,20,REMI: A Novel Causal Schema Memory Architecture for Personalized Lifestyle Recommendation Agents,Vishal Raman; Vijai Aravindh R; Abhijith Ragav,cs.AI,attribution/statistics; evaluation; harness component,"all:causal AND all:""LLM agent"" AND all:evaluation",https://arxiv.org/abs/2509.06269,https://arxiv.org/pdf/2509.06269
30,2606.31002,2026-06-30T00:27:53Z,19,Beyond Compilation: Evaluating Faithful Natural-Language-to-Lean Statement Formalization,Ke Zhang; Patricio Gallardo Candela; Sudhir Murthy; Yi Xie; Zhi Wang; Maziar Raissi,cs.AI,attribution/statistics; evaluation; harness component; reliability,all:factorial AND all:agent AND all:evaluation,https://arxiv.org/abs/2606.31002,https://arxiv.org/pdf/2606.31002
31,2606.16813,2026-06-15T14:57:08Z,19,GIST-CMTF: Goal-State Inference for Causal Minimal Tool Filtering in LLM Agents,Rahul Suresh Babu; Rohit Shukla,cs.AI,attribution/statistics; harness component,"all:causal AND all:""LLM agent"" AND all:evaluation",https://arxiv.org/abs/2606.16813,https://arxiv.org/pdf/2606.16813
32,2605.20923,2026-05-20T09:09:13Z,19,Causal Past Logic for Runtime Verification of Distributed LLM Agent Workflows,Benedikt Bollig,cs.LO,attribution/statistics; harness component,"all:causal AND all:""LLM agent"" AND all:evaluation",https://arxiv.org/abs/2605.20923,https://arxiv.org/pdf/2605.20923
33,2603.14987,2026-03-16T08:51:33Z,19,Beyond Benchmark Islands: Toward Representative Trustworthiness Evaluation for Agentic AI,Jinhu Qi; Yifan Li; Minghao Zhao; Wentao Zhang; Zijian Zhang; Yaoman Li; Irwin King,cs.CL,evaluation; harness component; reliability; transfer/overfit,all:factorial AND all:agent AND all:evaluation,https://arxiv.org/abs/2603.14987,https://arxiv.org/pdf/2603.14987
34,2601.04556,2026-01-08T03:36:06Z,19,4D-ARE: Bridging the Attribution Gap in LLM Agent Requirements Engineering,Bo Yu; Lei Zhao,cs.SE,attribution/statistics; evaluation,"all:causal AND all:""LLM agent"" AND all:evaluation",https://arxiv.org/abs/2601.04556,https://arxiv.org/pdf/2601.04556
35,2605.20061,2026-05-19T16:19:29Z,18,"Rewarding Beliefs, Not Actions: Consistency-Guided Credit Assignment for Long-Horizon Agents",Wenjie Tang; Minne Li; Sijie Huang; Liquan Xiao; Yuan Zhou,cs.CL,attribution/statistics; cost/budget; trajectory,"all:causal AND all:""LLM agent"" AND all:evaluation",https://arxiv.org/abs/2605.20061,https://arxiv.org/pdf/2605.20061
36,2604.17159,2026-04-18T22:13:23Z,18,Systematic Capability Benchmarking of Frontier Large Language Models for Offensive Cyber Tasks,Tyler H. Merves; Michael H. Conaway; Joseph M. Escobar; Hakan T. Otal; Unal Tatar,cs.CR,attribution/statistics; cost/budget; evaluation; harness component,all:factorial AND all:agent AND all:evaluation,https://arxiv.org/abs/2604.17159,https://arxiv.org/pdf/2604.17159
37,2604.04035,2026-04-05T09:28:51Z,18,Causality Laundering: Denial-Feedback Leakage in Tool-Calling LLM Agents,Mohammad Hossein Chinaei,cs.CR,attribution/statistics; evaluation; harness component,"all:causal AND all:""LLM agent"" AND all:evaluation",https://arxiv.org/abs/2604.04035,https://arxiv.org/pdf/2604.04035
38,2602.21091,2026-02-24T16:52:15Z,18,Can Interest-Bearing Positions Solve the Long-Horizon Problem in Prediction Markets?,Caleb Maresca,econ.GN,attribution/statistics; cost/budget; trajectory,all:factorial AND all:agent AND all:evaluation,https://arxiv.org/abs/2602.21091,https://arxiv.org/pdf/2602.21091
39,2602.17547,2026-02-19T17:01:08Z,18,KLong: Training LLM Agent for Extremely Long-horizon Tasks,Yue Liu,cs.AI,evaluation; harness component; trajectory; transfer/overfit,all:factorial AND all:agent AND all:evaluation,https://arxiv.org/abs/2602.17547,https://arxiv.org/pdf/2602.17547
40,2606.10475,2026-06-09T06:43:18Z,17,Decoupling Thought from Speech: Knowledge-Grounded Counterfactual Reasoning for Resilient Multi-Agent Argumentation,Jakub Masłowski; Jarosław A. Chudziak,cs.MA,attribution/statistics; reliability; trajectory,all:factorial AND all:agent AND all:evaluation,https://arxiv.org/abs/2606.10475,https://arxiv.org/pdf/2606.10475
41,2605.26029,2026-05-25T16:57:06Z,17,CausaLab: A Scalable Environment for Interactive Causal Discovery Toward AI Scientists,Junlin Yang; Dylan Zhang; Xiangchen Song; Qirun Dai; Xiao Liu; Yuen Chen; Aniket Vashishtha; Jing Shi; Chenhao Tan; Hao Peng,cs.AI,attribution/statistics; harness component,"all:causal AND all:""LLM agent"" AND all:evaluation",https://arxiv.org/abs/2605.26029,https://arxiv.org/pdf/2605.26029
42,2604.20911,2026-04-22T01:25:52Z,17,Omission Constraints Decay While Commission Constraints Persist in Long-Context LLM Agents,Yeran Gamage,cs.CR,attribution/statistics; cost/budget; harness component; reliability,"all:causal AND all:""LLM agent"" AND all:evaluation",https://arxiv.org/abs/2604.20911,https://arxiv.org/pdf/2604.20911
43,2603.15408,2026-03-16T15:20:38Z,17,TrinityGuard: A Unified Framework for Safeguarding Multi-Agent Systems,Kai Wang; Biaojie Zeng; Zeming Wei; Chang Jin; Hefeng Zhou; Xiangtian Li; Chao Yang; Jingjing Qu; Xingcheng Xu; Xia Hu,cs.CR,evaluation; reliability; system-level,all:factorial AND all:agent AND all:evaluation,https://arxiv.org/abs/2603.15408,https://arxiv.org/pdf/2603.15408
44,2603.07670,2026-03-08T15:08:01Z,17,"Memory for Autonomous LLM Agents:Mechanisms, Evaluation, and Emerging Frontiers",Pengfei Du,cs.AI,cost/budget; evaluation; harness component,"all:causal AND all:""LLM agent"" AND all:evaluation",https://arxiv.org/abs/2603.07670,https://arxiv.org/pdf/2603.07670
45,2602.21447,2026-02-24T23:52:27Z,17,Adversarial Intent is a Latent Variable: Stateful Trust Inference for Securing Multimodal Agentic RAG,Inderjeet Singh; Vikas Pahuja; Aishvariya Priya Rathina Sabapathy; Chiara Picardi; Amit Giloni; Roman Vainshtein; Andrés Murillo; Hisashi Kojima; Motoyoshi Sekiya; Yuki Unno; Junichi Suga,cs.CR,attribution/statistics; cost/budget; evaluation,all:factorial AND all:agent AND all:evaluation,https://arxiv.org/abs/2602.21447,https://arxiv.org/pdf/2602.21447
46,2505.16982,2025-05-22T17:52:59Z,17,Beyond Correlation: Towards Causal Large Language Model Agents in Biomedicine,Adib Bazgir; Amir Habibdoust Lafmajani; Yuwen Zhang,cs.AI,attribution/statistics; evaluation,"all:causal AND all:""LLM agent"" AND all:evaluation",https://arxiv.org/abs/2505.16982,https://arxiv.org/pdf/2505.16982
47,2410.22584,2024-10-29T22:56:18Z,17,BenchAgents: Multi-Agent Systems for Structured Benchmark Creation,Natasha Butt; Varun Chandrasekaran; Neel Joshi; Besmira Nushi; Vidhisha Balachandran,cs.LG,attribution/statistics; evaluation; harness component; reliability,"all:causal AND all:""LLM agent"" AND all:evaluation",https://arxiv.org/abs/2410.22584,https://arxiv.org/pdf/2410.22584
48,2607.04293,2026-07-05T13:08:51Z,16,CausalGame: Benchmarking Causal Thinking of LLM Agents in Games,Zhenhao Chen; Yongqiang Chen; Chenxi Liu; Junchi Yu; Xiangchen Song; Zijian Li; Jialin Li; Philip Torr; Bo Han; Kun Zhang,cs.CL,attribution/statistics; evaluation,"all:causal AND all:""LLM agent"" AND all:evaluation",https://arxiv.org/abs/2607.04293,https://arxiv.org/pdf/2607.04293
49,2606.26960,2026-06-25T12:32:52Z,16,Toward Agentic SysAdmin: Rethinking System Administration with AI Agents,Gianmaria Frigo; Davide Saladino; Alberto Castagnaro; Francesco Marchiori; Denis Donadel; Luca Pajola; Mauro Conti,cs.NI,attribution/statistics; evaluation; harness component,all:factorial AND all:agent AND all:evaluation,https://arxiv.org/abs/2606.26960,https://arxiv.org/pdf/2606.26960
50,2605.30454,2026-05-28T18:26:40Z,16,The Surface You Test Is Not the Surface That Breaks,Shifat E Arman; Syed Nazmus Sakib; Nafiul Haque; Shahrear Bin Amin,cs.CR,attribution/statistics; evaluation; harness component,"all:""variance decomposition"" AND all:agent",https://arxiv.org/abs/2605.30454,https://arxiv.org/pdf/2605.30454
51,2605.27784,2026-05-27T00:09:45Z,16,Diagnosing Live Within-Policy Instruction Conflicts in LLM Agents with Witnessed Resolution Profiles,Lu Yan; Xuan Chen; Xiangyu Zhang,cs.AI,attribution/statistics; evaluation; harness component; reliability,"all:causal AND all:""LLM agent"" AND all:evaluation",https://arxiv.org/abs/2605.27784,https://arxiv.org/pdf/2605.27784
52,2605.18073,2026-05-18T08:55:30Z,16,A-ProS: Towards Reliable Autonomous Programming Through Multi-Model Feedback,Anika Tabassum; Md Sifat Hossain; Md. Fahim Arefin; Tariqul Islam; Tarannum Shaila Zaman,cs.SE,attribution/statistics; evaluation; harness component,all:factorial AND all:agent AND all:evaluation,https://arxiv.org/abs/2605.18073,https://arxiv.org/pdf/2605.18073
53,2604.27143,2026-04-29T19:54:27Z,16,Enhancing Linux Privilege Escalation Attack Capabilities of Local LLM Agents,Benjamin Probst; Andreas Happe; Jürgen Cito,cs.CR,attribution/statistics; reliability; system-level,all:factorial AND all:agent AND all:evaluation,https://arxiv.org/abs/2604.27143,https://arxiv.org/pdf/2604.27143
54,2603.16496,2026-03-17T13:22:54Z,16,AdaMem: Adaptive User-Centric Memory for Long-Horizon Dialogue Agents,Shannan Yan; Jingchen Ni; Leqi Zheng; Jiajun Zhang; Peixi Wu; Dacheng Yin; Jing Lyu; Chun Yuan; Fengyun Rao,cs.CL,attribution/statistics; harness component; trajectory,"all:causal AND all:""LLM agent"" AND all:evaluation",https://arxiv.org/abs/2603.16496,https://arxiv.org/pdf/2603.16496
55,2603.00575,2026-02-28T09:53:48Z,16,"SWE-Hub: A Unified Production System for Scalable, Executable Software Engineering Tasks",Yucheng Zeng; Shupeng Li; Daxiang Dong; Ruijie Xu; Zimo Chen; Liwei Zheng; Yuxuan Li; Zhe Zhou; Haotian Zhao; Lun Tian; Heng Xiao; Tianshu Zhu; Longkun Hao; Jianmin Wu,cs.AI,evaluation; system-level; trajectory,all:factorial AND all:agent AND all:evaluation,https://arxiv.org/abs/2603.00575,https://arxiv.org/pdf/2603.00575
56,2602.02934,2026-02-03T00:10:48Z,16,AgenticSZZ: Temporal Knowledge Graph-Guided Agentic Bug-Inducing Commit Identification,Yu Shi; Hao Li; Bram Adams; Ahmed E. Hassan,cs.SE,attribution/statistics; evaluation; harness component,"all:causal AND all:""LLM agent"" AND all:evaluation",https://arxiv.org/abs/2602.02934,https://arxiv.org/pdf/2602.02934
57,2602.00592,2026-01-31T08:16:40Z,16,DockSmith: Scaling Reliable Coding Environments via an Agentic Docker Builder,Jiaran Zhang; Luck Ma; Fanqi Wan; Di Qi; Xu Zhao; Jieyi Hou; Zhe Xie; Mengqiang Ren; Xin Wu; Zhewei Huang; Liangyu Chen; Qi Han; Xiangyu Zhang,cs.AI,evaluation; harness component; reliability; trajectory,all:factorial AND all:agent AND all:evaluation,https://arxiv.org/abs/2602.00592,https://arxiv.org/pdf/2602.00592
58,2601.06098,2026-01-02T08:49:58Z,16,Automatic Question Generation for Intuitive Learning Utilizing Causal Graph Guided Chain of Thought Reasoning,Nicholas X. Wang; Neel V. Parpia; Aaryan D. Parikh; Aggelos K. Katsaggelos,cs.AI,attribution/statistics,"all:causal AND all:""LLM agent"" AND all:evaluation",https://arxiv.org/abs/2601.06098,https://arxiv.org/pdf/2601.06098
59,2511.04847,2025-11-06T22:24:35Z,16,Test-Time Adaptation for LLM Agents via Environment Interaction,Arthur Chen; Zuxin Liu; Jianguo Zhang; Akshara Prabhakar; Zhiwei Liu; Shelby Heinecke; Silvio Savarese; Victor Zhong; Caiming Xiong,cs.LG,attribution/statistics; cost/budget; harness component; reliability,"all:causal AND all:""LLM agent"" AND all:evaluation",https://arxiv.org/abs/2511.04847,https://arxiv.org/pdf/2511.04847
60,2508.02736,2025-08-02T01:43:39Z,16,AgentSight: System-Level Observability for AI Agents Using eBPF,Yusheng Zheng; Yanpeng Hu; Tong Yu; Andi Quinn,cs.OS,evaluation; system-level,"all:causal AND all:""LLM agent"" AND all:evaluation",https://arxiv.org/abs/2508.02736,https://arxiv.org/pdf/2508.02736
61,2607.01584,2026-07-02T01:31:18Z,15,EO-Agents: A Three-Agent LLM Pipeline for Earth Observation Hypothesis Generation,Mahyar Ghazanfari; Amin Tabrizian; Armin Mehrabian; Peng Wei,cs.AI,attribution/statistics; evaluation,all:factorial AND all:agent AND all:evaluation,https://arxiv.org/abs/2607.01584,https://arxiv.org/pdf/2607.01584
62,2605.02122,2026-05-04T01:03:48Z,15,STABLEVAL: Disagreement-Aware and Stable Evaluation of AI Systems,Akash Bonagiri; Gerard Janno Anderias; Saee Patil; Angelina Lai; Devang Borkar; Gezheng Kang; Ishant Gandhi; Setareh Rafatirad; Houman Homayoun,cs.LG,evaluation; reliability,"all:""ranking stability"" AND all:agent",https://arxiv.org/abs/2605.02122,https://arxiv.org/pdf/2605.02122
63,2605.01698,2026-05-03T03:40:29Z,15,BIM Information Extraction Through LLM-based Adaptive Exploration,Sylvain Hellin; Suhyung Jang; Stefan Fuchs; Stavros Nousias; André Borrmann,cs.CL,attribution/statistics; evaluation,all:factorial AND all:agent AND all:evaluation,https://arxiv.org/abs/2605.01698,https://arxiv.org/pdf/2605.01698
64,2604.15093,2026-04-16T14:53:08Z,15,OpenMobile: Building Open Mobile Agents with Task and Trajectory Synthesis,Kanzhi Cheng; Zehao Li; Zheng Ma; Nuo Chen; Jialin Cao; Qiushi Sun; Zichen Ding; Fangzhi Xu; Hang Yan; Jiajun Chen; Anh Tuan Luu; Jianbing Zhang; Lewei Lu; Dahua Lin,cs.AI,evaluation; harness component; trajectory,"all:""benchmark overfitting"" AND all:agent",https://arxiv.org/abs/2604.15093,https://arxiv.org/pdf/2604.15093
65,2603.10450,2026-03-11T06:07:40Z,15,Geist in the Machine: Simulating Recognition and Inner Dialogue in AI-Mediated Teaching and Research,Liam Magee,cs.CY,attribution/statistics; evaluation,all:factorial AND all:agent AND all:evaluation,https://arxiv.org/abs/2603.10450,https://arxiv.org/pdf/2603.10450
66,2603.00026,2026-02-04T00:54:53Z,15,ActMem: Bridging the Gap Between Memory Retrieval and Reasoning in LLM Agents,Xiaohui Zhang; Zequn Sun; Chengyuan Yang; Yaqin Jin; Yazhong Zhang; Wei Hu,cs.CL,attribution/statistics; harness component,"all:causal AND all:""LLM agent"" AND all:evaluation",https://arxiv.org/abs/2603.00026,https://arxiv.org/pdf/2603.00026
67,2511.15870,2025-11-19T20:53:50Z,15,AquaSentinel: Next-Generation AI System Integrating Sensor Networks for Urban Underground Water Pipeline Anomaly Detection via Collaborative MoE-LLM Agent Architecture,Qiming Guo; Bishal Khatri; Wenbo Sun; Jinwen Tang; Hua Zhang; Wenlu Wang,cs.CE,attribution/statistics; cost/budget; evaluation,"all:causal AND all:""LLM agent"" AND all:evaluation",https://arxiv.org/abs/2511.15870,https://arxiv.org/pdf/2511.15870
68,2606.05985,2026-06-04T10:26:33Z,14,Beyond Alignment: Value Diversity as a Collective Property in Multicultural Agent Systems,Shaoyang Xu; Jingshen Zhang; Long P. Hoang; Jinyuan Li; Wenxuan Zhang,cs.CL,evaluation; system-level,"all:""system-level evaluation"" AND all:agent",https://arxiv.org/abs/2606.05985,https://arxiv.org/pdf/2606.05985
69,2606.01490,2026-05-31T23:15:40Z,14,LLM Consortium for Software Design Refinement: A Controlled Experiment on Multi-Agent Collaboration Topologies,Nagarjuna Kanamarlapudi; Praveen K,cs.SE,attribution/statistics; cost/budget,all:factorial AND all:agent AND all:evaluation,https://arxiv.org/abs/2606.01490,https://arxiv.org/pdf/2606.01490
70,2605.27605,2026-05-26T19:23:24Z,14,Laguna M.1/XS.2 Technical Report,Julien Abadji; Marah Abdin; Connor Adams; Eric Alcaide; Mustafa Altun; Michele Artoni; Junze Bao; Uday Barar; Vassilis Bekiaris; Arkadii Bessonov; Benjamin Bütikofer; Jonathan Chang; Yen-Chun Chen; Dmitry Chernenkov; Yang Chi; Filippos Christianos; Fenia Christopoulou; Razvan-Andrei Ciocoiu; Tzachi Cohen; Yohann Coppel; Dmitrii Emelianenko; Brandon Fergerson; Brian Fitzgerald; Matthias Gallé; Alex Golonzovskyi; George Grigorev; Yiyang Hao; Christian Hensel; Jan Huenermann; Ye Ji; Sarthak Joshi; Eiso Kant; Kabir Khandpur; Seonghyeon Kim; Vladimir Kirichenko; Umut Kocasarac; Ilya Kochik; Ivan Komarov; Chaerin Kong; Anurag Koul; François-Joseph Lacroix; Sergei Laktionov; Waren Long; Quentin Malartic; Vadim Markovtsev; Afonso Marques; Robert McHardy; Carlos Mocholí; Dmitry Monakhov; Adam Morris; Martin Muller; Christian Mürtz; Robin Nabel; Thien Nguyen; Rok Novosel; Szymon Ozog; Aalhad Patankar; Aleksei Petrov; Alexandre Piché; Arthur Pignet; Teodor Poncu; Phil Potter; Alexander Rakowski; Pierre-Yves Ritschard; Jay Roberts; Joe Rowell; Piotr Sarna; Pierre-André Savalle; Uladzislau Sazanovich; Nikita Shapovalov; Arsenii Shevchenko; Mikhail Shilkov; Andrei Sokol; Mohamed Soliman; Jack Stephenson; Victor Storchan; Dragos-Constantin Tantaru; Artem Tyurin; Adrian Wälchli; Pengming Wang; Jianxiao Yang; Renat Zayashnikov; Alexander Zelenka Martin; Nikolay Zinov; Caroline Bercier; José Caldeira; Margarida Garcia; Tom George; Kabeer Gharzai; Glenn Hitchcock; Carson Klingenberg; Ivo Pinto; Varun Randery; Noah Smith; Arina Sugako; Jason Warner,cs.AI,cost/budget; evaluation; trajectory,all:factorial AND all:agent AND all:evaluation,https://arxiv.org/abs/2605.27605,https://arxiv.org/pdf/2605.27605
71,2604.16339,2026-03-13T14:55:38Z,14,Semantic Consensus: Process-Aware Conflict Detection and Resolution for Enterprise Multi-Agent LLM Systems,Vivek Acharya,cs.AI,evaluation; harness component; reliability,"all:causal AND all:""LLM agent"" AND all:evaluation",https://arxiv.org/abs/2604.16339,https://arxiv.org/pdf/2604.16339
72,2512.23217,2025-12-29T05:41:25Z,14,TCEval: Using Thermal Comfort to Assess Cognitive and Perceptual Abilities of AI,Jingming Li,cs.AI,attribution/statistics; evaluation; harness component,"all:causal AND all:""LLM agent"" AND all:evaluation",https://arxiv.org/abs/2512.23217,https://arxiv.org/pdf/2512.23217
73,2506.09050,2025-06-10T17:59:56Z,14,ALE-Bench: A Benchmark for Long-Horizon Objective-Driven Algorithm Engineering,Yuki Imajuku; Kohki Horie; Yoichi Iwata; Kensho Aoki; Naohiro Takahashi; Takuya Akiba,cs.AI,evaluation; trajectory,all:factorial AND all:agent AND all:evaluation,https://arxiv.org/abs/2506.09050,https://arxiv.org/pdf/2506.09050
74,2402.17753,2024-02-27T18:42:31Z,14,Evaluating Very Long-Term Conversational Memory of LLM Agents,Adyasha Maharana; Dong-Ho Lee; Sergey Tulyakov; Mohit Bansal; Francesco Barbieri; Yuwei Fang,cs.CL,attribution/statistics; evaluation; harness component,"all:causal AND all:""LLM agent"" AND all:evaluation",https://arxiv.org/abs/2402.17753,https://arxiv.org/pdf/2402.17753
75,2606.25119,2026-06-23T19:45:44Z,13,SurveilNav: Collaborative Object Goal Navigation with Robot and Surveillance System,Ming-Ming Yu; Qunbo Wang; Rongtao Xu; Yanghong Mei; Yirong Yang; Longteng Guo; Wenjun Wu; Jing Liu,cs.RO,cost/budget; evaluation; harness component,all:factorial AND all:agent AND all:evaluation,https://arxiv.org/abs/2606.25119,https://arxiv.org/pdf/2606.25119
76,2605.30042,2026-05-28T14:57:21Z,13,Learning to Choose: An Empowerment-Guided Multi-Agent System with semantic communication for Adaptive Method Selection,Geremy Loachamín-Suntaxi; Robert Lazar; Dimitrios G. Giovanis; Ioannis G. Kevrekidis; Eleni D. Koronaki,cs.AI,evaluation; reliability,"all:causal AND all:""LLM agent"" AND all:evaluation",https://arxiv.org/abs/2605.30042,https://arxiv.org/pdf/2605.30042
77,2605.28037,2026-05-27T06:40:31Z,13,"Personality, Role, and Expressive Style in Large Language Models: An Interactionist Analysis",Moe Nagao; Koichiro Terao; Mikio Nakano; Naoto Iwahashi,cs.CL,attribution/statistics; harness component,all:factorial AND all:agent AND all:evaluation,https://arxiv.org/abs/2605.28037,https://arxiv.org/pdf/2605.28037
78,2605.06230,2026-05-07T13:21:15Z,13,Safactory: A Scalable Agentic Infrastructure for Training Trustworthy Autonomous Intelligence,Xinquan Chen; Zhenyun Yin; Shan He; Bin Huang; Shanzhe Lei; Pengcheng Shi; Kun Cai; Bei Chen; Bangwei Liu; Zeyu Kang; Chao Huang; Yang Zhang; Wenjie Li; Ruijun Ge; Yajie Wang; Tianshun Fang; Tianyang Xu; Yiwen Cong; Meng Jin; Gaolei Li; Xuansheng Wu; Linhan Liu; Zijing He; An Li; Yan Teng; Xin Tan; Dongrui Liu; Jing Shao; ChaoChao Lu; Ji He; Jie Li; Chunfeng Song; Jinya Xu; Fan Song; Shujie Wang; Jianmin Qian; Jie Hou; Xuhong Wang; Yingchun Wang; Hui Wang; Xia Hu,cs.AI,evaluation; harness component; trajectory,all:factorial AND all:agent AND all:evaluation,https://arxiv.org/abs/2605.06230,https://arxiv.org/pdf/2605.06230
79,2604.24117,2026-04-27T07:12:34Z,13,An Analysis of the Coordination Gap between Joint and Modular Learning for Job Shop Scheduling with Transportation Resources,Moritz Link; Jonathan Hoss; Noah Klarmann,cs.AI,evaluation; transfer/overfit,all:factorial AND all:agent AND all:evaluation,https://arxiv.org/abs/2604.24117,https://arxiv.org/pdf/2604.24117
80,2604.11061,2026-04-13T06:42:24Z,13,Pando: Do Interpretability Methods Work When Models Won't Explain Themselves?,Ziqian Zhong; Aashiq Muhamed; Mona T. Diab; Virginia Smith; Aditi Raghunathan,cs.LG,attribution/statistics; evaluation; harness component,"all:""variance decomposition"" AND all:agent",https://arxiv.org/abs/2604.11061,https://arxiv.org/pdf/2604.11061
81,2603.29493,2026-03-31T09:38:21Z,13,MemFactory: Unified Inference & Training Framework for Agent Memory,Ziliang Guo; Ziheng Li; Bo Tang; Feiyu Xiong; Zhiyu Li,cs.CL,evaluation; harness component,all:factorial AND all:agent AND all:evaluation,https://arxiv.org/abs/2603.29493,https://arxiv.org/pdf/2603.29493
82,2603.18235,2026-03-18T19:43:38Z,13,"Toward Reliable, Safe, and Secure LLMs for Scientific Applications",Saket Sanjeev Chaturvedi; Joshua Bergerson; Tanwi Mallick,cs.CR,evaluation; reliability,"all:""benchmark overfitting"" AND all:agent",https://arxiv.org/abs/2603.18235,https://arxiv.org/pdf/2603.18235
83,2508.13721,2025-08-19T10:37:20Z,13,CausalPlan: Empowering Efficient LLM Multi-Agent Collaboration Through Causality-Driven Planning,Minh Hoang Nguyen; Van Dai Do; Dung Nguyen; Thin Nguyen; Hung Le,cs.AI,attribution/statistics; evaluation,"all:causal AND all:""LLM agent"" AND all:evaluation",https://arxiv.org/abs/2508.13721,https://arxiv.org/pdf/2508.13721
84,2607.00218,2026-06-30T21:50:49Z,12,EgoSafetyBench: A Diagnostic Egocentric Video Benchmark for Evaluating Embodied VLMs as Runtime Safety Guards,Siddhant Panpatil; Arth Singh; Mijin Koo; Chaeyun Kim; Haon Park; Dasol Choi,cs.CV,evaluation; reliability,all:factorial AND all:agent AND all:evaluation,https://arxiv.org/abs/2607.00218,https://arxiv.org/pdf/2607.00218
85,2606.31339,2026-06-30T08:41:00Z,12,Verification-Gated Agentic Mission-State Governance for Intelligent Industrial Multi-Robot Systems,Guoqin Tang; Qingxuan Jia; Yichen Tan; Zeyuan Huang; Ning Ji; Gang Chen,cs.RO,harness component; trajectory,all:factorial AND all:agent AND all:evaluation,https://arxiv.org/abs/2606.31339,https://arxiv.org/pdf/2606.31339
86,2606.00914,2026-05-30T22:43:23Z,12,Adversarial Feeds Steer LLM Agent Decisions Against Their Defaults,Rana Muhammad Usman,cs.AI,attribution/statistics,"all:causal AND all:""LLM agent"" AND all:evaluation",https://arxiv.org/abs/2606.00914,https://arxiv.org/pdf/2606.00914
87,2605.19139,2026-05-18T21:38:58Z,12,Reducing Waiting Time for Medical Tourists Through Hybrid Agent-Based and Discrete-Event Simulation: A Hospital Case Study,Melika Baghi; Hadi Mosadegh,cs.PF,attribution/statistics,all:factorial AND all:agent AND all:evaluation,https://arxiv.org/abs/2605.19139,https://arxiv.org/pdf/2605.19139
88,2605.17679,2026-05-17T22:39:21Z,12,PULSE: Agentic Investigation with Passive Sensing for Proactive Intervention in Cancer Survivorship,Zhiyuan Wang; Ariful Islam; Indrajeet Ghosh; Xinyu Chen; Katharine E. Daniel; Subigya Nepal; Philip Chow; Laura E. Barnes,cs.HC,attribution/statistics,all:factorial AND all:agent AND all:evaluation,https://arxiv.org/abs/2605.17679,https://arxiv.org/pdf/2605.17679
89,2604.19664,2026-04-21T16:48:55Z,12,ECLASS-Augmented Semantic Product Search for Electronic Components,Nico Baumgart; Markus Lange-Hegermann; Jan Henze,cs.IR,cost/budget; evaluation,all:factorial AND all:agent AND all:evaluation,https://arxiv.org/abs/2604.19664,https://arxiv.org/pdf/2604.19664
90,2602.12500,2026-02-13T00:51:22Z,12,Favia: Forensic Agent for Vulnerability-fix Identification and Analysis,André Storhaug; Jiamou Sun; Jingyue Li,cs.SE,attribution/statistics,"all:causal AND all:""LLM agent"" AND all:evaluation",https://arxiv.org/abs/2602.12500,https://arxiv.org/pdf/2602.12500
91,2601.22436,2026-01-30T01:05:15Z,12,Large Language Model Agents Are Not Always Faithful Self-Evolvers,Weixiang Zhao; Yingshuo Wang; Yichen Zhang; Yang Deng; Yanyan Zhao; Wanxiang Che; Bing Qin; Ting Liu,cs.CL,attribution/statistics,"all:causal AND all:""LLM agent"" AND all:evaluation",https://arxiv.org/abs/2601.22436,https://arxiv.org/pdf/2601.22436
92,2512.18561,2025-12-21T02:04:47Z,12,Adaptive Accountability in Networked MAS: Tracing and Mitigating Emergent Norms at Scale,Saad Alqithami,cs.MA,attribution/statistics; cost/budget,all:factorial AND all:agent AND all:evaluation,https://arxiv.org/abs/2512.18561,https://arxiv.org/pdf/2512.18561
93,2511.23352,2025-11-28T17:00:06Z,12,Performance Evaluation of Multi-Armed Bandit Algorithms for Wi-Fi Channel Access,Miguel Casasnovas; Francesc Wilhelmi; Richard Combes; Maksymilian Wojnar; Katarzyna Kosek-Szott; Szymon Szott; Anders Jonsson; Luis Esteve; Boris Bellalta,cs.NI,attribution/statistics; evaluation,all:factorial AND all:agent AND all:evaluation,https://arxiv.org/abs/2511.23352,https://arxiv.org/pdf/2511.23352
94,2510.20025,2025-10-22T20:56:06Z,12,When Networks Substitute for Outcome Surveillance? A Substitution-Complementarity Framework for Behavioral Signals in Predictive Monitoring,Sepehr Ilami; Qingtao Cao; Babak Heydari,physics.soc-ph,attribution/statistics; cost/budget,"all:""variance decomposition"" AND all:agent",https://arxiv.org/abs/2510.20025,https://arxiv.org/pdf/2510.20025
95,2506.10954,2025-06-12T17:54:17Z,12,SWE-Factory: Your Automated Factory for Issue Resolution Training Data and Evaluation Benchmarks,Lianghong Guo; Yanlin Wang; Caihua Li; Wei Tao; Pengyu Yang; Jiachi Chen; Haoyu Song; Duyu Tang; Zibin Zheng,cs.SE,cost/budget; evaluation,all:factorial AND all:agent AND all:evaluation,https://arxiv.org/abs/2506.10954,https://arxiv.org/pdf/2506.10954
96,2409.14488,2024-09-22T15:18:59Z,12,Enhancing LLM-based Autonomous Driving Agents to Mitigate Perception Attacks,Ruoyu Song; Muslum Ozgur Ozmen; Hyungsub Kim; Antonio Bianchi; Z. Berkay Celik,cs.CR,attribution/statistics; evaluation; harness component,"all:causal AND all:""LLM agent"" AND all:evaluation",https://arxiv.org/abs/2409.14488,https://arxiv.org/pdf/2409.14488
97,2509.15237,2025-09-17T14:36:38Z,11,MICA: Multi-Agent Industrial Coordination Assistant,Di Wen; Kunyu Peng; Junwei Zheng; Yufan Chen; Yitian Shi; Jiale Wei; Ruiping Liu; Kailun Yang; Rainer Stiefelhagen,cs.AI,evaluation; reliability,all:factorial AND all:agent AND all:evaluation,https://arxiv.org/abs/2509.15237,https://arxiv.org/pdf/2509.15237
98,2506.11610,2025-06-13T09:33:36Z,11,"""If we misunderstand the client, we misspend 100 hours"": Exploring conversational AI and response types for information elicitation",Daniel Hove Paludan; Julie Fredsgård; Kasper Patrick Bährentz; Ilhan Aslan,cs.HC,attribution/statistics; harness component,all:factorial AND all:agent AND all:evaluation,https://arxiv.org/abs/2506.11610,https://arxiv.org/pdf/2506.11610
99,2505.14163,2025-05-20T10:16:21Z,11,DSMentor: Enhancing Data Science Agents with Curriculum Learning and Online Knowledge Accumulation,He Wang; Alexander Hanbo Li; Yiqun Hu; Sheng Zhang; Hideo Kobayashi; Jiani Zhang; Henry Zhu; Chung-Wei Hang; Patrick Ng,cs.AI,attribution/statistics; harness component,"all:causal AND all:""LLM agent"" AND all:evaluation",https://arxiv.org/abs/2505.14163,https://arxiv.org/pdf/2505.14163
100,2402.18728,2024-02-28T22:13:16Z,11,Not All the Same: Understanding and Informing Similarity Estimation in Tile-Based Video Games,Sebastian Berns; Vanessa Volz; Laurissa Tokarchuk; Sam Snodgrass; Christian Guckelsberger,cs.HC,attribution/statistics; evaluation,all:factorial AND all:agent AND all:evaluation,https://arxiv.org/abs/2402.18728,https://arxiv.org/pdf/2402.18728
101,2605.27566,2026-05-26T18:36:54Z,10,DynaSchedBench: Calibrated Dynamic Scheduling Benchmarks and Observability Paradox in LLM-based Scheduling Agents,Shijie Cao; Yuan Yuan; Jing Liu,cs.AI,cost/budget; evaluation; harness component,"all:""benchmark overfitting"" AND all:agent",https://arxiv.org/abs/2605.27566,https://arxiv.org/pdf/2605.27566
102,2605.25297,2026-05-24T23:21:44Z,10,Eureka: Intelligent Feature Engineering for Enterprise AI Cloud Resource Demand Prediction,Hangxuan Li; Renjun Jia; Xuezhang Wu; Yunjie Qian; Zeqi Zheng; Xianling Zhang,cs.CL,transfer/overfit,all:factorial AND all:agent AND all:evaluation,https://arxiv.org/abs/2605.25297,https://arxiv.org/pdf/2605.25297
103,2604.13602,2026-04-15T08:11:34Z,10,"Reward Hacking in the Era of Large Models: Mechanisms, Emergent Misalignment, Challenges",Xiaohua Wang; Muzhao Tian; Yuqi Zeng; Zisu Huang; Jiakang Yuan; Bowen Chen; Jingwen Xu; Mingbo Zhou; Wenhao Liu; Muling Wu; Zhengkang Guo; Qi Qian; Yifei Wang; Feiran Zhang; Ruicheng Yin; Shihan Dou; Changze Lv; Tao Chen; Kaitao Song; Xu Tan; Tao Gui; Xiaoqing Zheng; Xuanjing Huang,cs.LG,evaluation,"all:""benchmark overfitting"" AND all:agent",https://arxiv.org/abs/2604.13602,https://arxiv.org/pdf/2604.13602
104,2604.12102,2026-04-13T22:22:07Z,10,Spatial Atlas: Compute-Grounded Reasoning for Spatial-Aware Research Agent Benchmarks,Arun Sharma,cs.AI,evaluation,all:factorial AND all:agent AND all:evaluation,https://arxiv.org/abs/2604.12102,https://arxiv.org/pdf/2604.12102
105,2602.03012,2026-02-03T02:27:16Z,10,CVE-Factory: Scaling Expert-Level Agentic Tasks for Code Security Vulnerability,Xianzhen Luo; Jingyuan Zhang; Shiqi Zhou; Jinyang Huang; Chuan Xiao; Qingfu Zhu; Zhiyuan Ma; Xing Yue; Yang Yue; Wencong Zeng; Wanxiang Che,cs.CR,evaluation,all:factorial AND all:agent AND all:evaluation,https://arxiv.org/abs/2602.03012,https://arxiv.org/pdf/2602.03012
106,2509.25885,2025-09-30T07:24:04Z,10,SafeMind: Benchmarking and Mitigating Safety Risks in Embodied LLM Agents,Ruolin Chen; Yinqian Sun; Jihang Wang; Mingyang Lv; Qian Zhang; Yi Zeng,cs.AI,attribution/statistics; evaluation,"all:causal AND all:""LLM agent"" AND all:evaluation",https://arxiv.org/abs/2509.25885,https://arxiv.org/pdf/2509.25885
107,2508.12393,2025-08-17T15:14:03Z,10,MedKGent: A Large Language Model Agent Framework for Constructing Temporally Evolving Medical Knowledge Graph,Duzhen Zhang; Zixiao Wang; Zhong-Zhi Li; Yahan Yu; Shuncheng Jia; Jiahua Dong; Haotian Xu; Xing Wu; Yingying Zhang; Tielin Zhang; Jie Yang; Xiuying Chen; Le Song,cs.CL,attribution/statistics,"all:causal AND all:""LLM agent"" AND all:evaluation",https://arxiv.org/abs/2508.12393,https://arxiv.org/pdf/2508.12393
108,2505.19662,2025-05-26T08:21:46Z,10,FieldWorkArena: Agentic AI Benchmark for Real Field Work Tasks,Jun Takahashi; Atsunori Moteki; Akiyoshi Uchida; Shoichi Masui; Fan Yang; Kanji Uchino; Yueqi Song; Yonatan Bisk; Graham Neubig; Ikuo Kusajima; Yasuto Watanabe; Hiroyuki Ishida; Koki Nakagawa; Shan Jiang,cs.AI,evaluation,all:factorial AND all:agent AND all:evaluation,https://arxiv.org/abs/2505.19662,https://arxiv.org/pdf/2505.19662
109,2502.06212,2025-02-10T07:31:27Z,10,AVSim -- Realistic Simulation Framework for Airborne and Vector-Borne Disease Dynamics,Pandula Thennakoon; Mario De Silva; M. Mahesha Viduranga; Sashini Liyanage; Roshan Godaliyadda; Mervyn Parakrama Ekanayake; Vijitha Herath; Anuruddhika Rathnayake; Ganga Thilakarathne; Janaka Ekanayake; Samath Dharmarathne,eess.SY,attribution/statistics,all:factorial AND all:agent AND all:evaluation,https://arxiv.org/abs/2502.06212,https://arxiv.org/pdf/2502.06212
110,2604.28048,2026-04-30T15:59:11Z,9,"Stable Behavior, Limited Variation: Persona Validity in LLM Agents for Urban Sentiment Perception",Neemias B da Silva; Rodrigo Minetto; Daniel Silver; Thiago H Silva,cs.CL,attribution/statistics,all:factorial AND all:agent AND all:evaluation,https://arxiv.org/abs/2604.28048,https://arxiv.org/pdf/2604.28048
111,2607.07379,2026-07-08T13:10:35Z,8,Physics-Audited Agentic Discovery in Scientific Machine Learning,Diab W. Abueidda; Bilal Ahmed; Panos Pantidis; Mostafa E. Mobasher,cs.AI,harness component,"all:causal AND all:""LLM agent"" AND all:evaluation",https://arxiv.org/abs/2607.07379,https://arxiv.org/pdf/2607.07379
112,2603.25719,2026-03-26T17:57:50Z,8,Agent Factories for High Level Synthesis: How Far Can General-Purpose Coding Agents Go in Hardware Optimization?,Abhishek Bhandwaldar; Mihir Choudhury; Ruchir Puri; Akash Srivastava,cs.AI,harness component,all:factorial AND all:agent AND all:evaluation,https://arxiv.org/abs/2603.25719,https://arxiv.org/pdf/2603.25719
113,2507.11988,2025-07-16T07:38:28Z,8,Aime: Towards Fully-Autonomous Multi-Agent Framework,Yexuan Shi; Mingyu Wang; Yunxiang Cao; Hongjie Lai; Junjian Lan; Xin Han; Yu Wang; Jie Geng; Zhenan Li; Zihao Xia; Xiang Chen; Chen Li; Jian Xu; Wenbo Duan; Yuanshuo Zhu,cs.AI,reliability,all:factorial AND all:agent AND all:evaluation,https://arxiv.org/abs/2507.11988,https://arxiv.org/pdf/2507.11988
114,2604.10291,2026-04-11T17:15:26Z,7,TimeSeriesExamAgent: Creating Time Series Reasoning Benchmarks at Scale,Malgorzata Gwiazda; Yifu Cai; Mononito Goswami; Arjun Choudhry; Artur Dubrawski,cs.AI,evaluation,"all:causal AND all:""LLM agent"" AND all:evaluation",https://arxiv.org/abs/2604.10291,https://arxiv.org/pdf/2604.10291
115,2601.14518,2026-01-20T22:21:59Z,7,Business Logic-Driven Text-to-SQL Data Synthesis for Business Intelligence,Jinhui Liu; Ximeng Zhang; Yanbo Ai; Zhou Yu,cs.CL,evaluation,all:factorial AND all:agent AND all:evaluation,https://arxiv.org/abs/2601.14518,https://arxiv.org/pdf/2601.14518
116,2504.14837,2025-04-21T03:37:43Z,7,SQL-Factory: A Multi-Agent Framework for High-Quality and Large-Scale SQL Generation,Jiahui Li; Tongwang Wu; Yuren Mao; Yunjun Gao; Yajie Feng; Huaizhong Liu,cs.DB,cost/budget,all:factorial AND all:agent AND all:evaluation,https://arxiv.org/abs/2504.14837,https://arxiv.org/pdf/2504.14837
117,2305.13183,2023-05-22T16:11:28Z,6,DeRi-Bot: Learning to Collaboratively Manipulate Rigid Objects via Deformable Objects,Zixing Wang; Ahmed H. Qureshi,cs.RO,transfer/overfit,all:factorial AND all:agent AND all:evaluation,https://arxiv.org/abs/2305.13183,https://arxiv.org/pdf/2305.13183
118,2408.14527,2024-08-26T15:13:38Z,5,Multi-Agent Path Finding with Real Robot Dynamics and Interdependent Tasks for Automated Warehouses,Vassilissa Lehoux-Lebacque; Tomi Silander; Christelle Loiodice; Seungjoon Lee; Albert Wang; Sofia Michel,cs.RO,trajectory,all:factorial AND all:agent AND all:evaluation,https://arxiv.org/abs/2408.14527,https://arxiv.org/pdf/2408.14527
119,2308.08946,2023-08-17T12:35:52Z,3,FR2 5G Networks for Industrial Scenarios: Experimental Characterization and Beam Management Procedures in Operational Conditions,Alejandro Ramírez-Arroyo; Melisa López; Ignacio Rodríguez; Troels B. Sørensen; Samantha Caporal del Barrio; Pablo Padilla; Juan F. Valenzuela-Valdés; Preben Mogensen,eess.SP,evaluation,all:factorial AND all:agent AND all:evaluation,https://arxiv.org/abs/2308.08946,https://arxiv.org/pdf/2308.08946
120,2503.09617,2025-03-06T20:13:02Z,2,Factorio Learning Environment,Jack Hopkins; Mart Bakler; Akbir Khan,cs.MA,,all:factorial AND all:agent AND all:evaluation,https://arxiv.org/abs/2503.09617,https://arxiv.org/pdf/2503.09617
121,2502.21101,2025-02-28T14:38:58Z,2,Jointly Assigning Processes to Machines and Generating Plans for Autonomous Mobile Robots in a Smart Factory,Christopher Leet; Aidan Sciortino; Sven Koenig,cs.RO,,all:factorial AND all:agent AND all:evaluation,https://arxiv.org/abs/2502.21101,https://arxiv.org/pdf/2502.21101
